,species,tilt_axis,crystal_type,angle,lattice_constant_bcc,lattice_constant_fcc,lattice_constant_sc,bulk_modulus_bcc,bulk_modulus_fcc,bulk_modulus_sc,c44_bcc,c44_fcc,c44_sc,c12_bcc,c12_fcc,c12_sc,c11_bcc,c11_fcc,c11_sc,cohesive_energy_bcc,cohesive_energy_fcc,cohesive_energy_sc,thermal_expansion_coeff_bcc,thermal_expansion_coeff_fcc,surface_energy_100_bcc,surface_energy_100_fcc,surface_energy_110_bcc,surface_energy_110_fcc,surface_energy_111_bcc,surface_energy_111_fcc,surface_energy_121_bcc,surface_energy_121_fcc,extr_stack_fault_energy_fcc,intr_stack_fault_energy_fcc,unstable_stack_energy_fcc,unstable_stack_energy_slip_fraction_fcc,unstable_twinning_energy_fcc,unstable_twinning_energy_slip_fraction_fcc,relaxed_formation_potential_energy_bcc,relaxed_formation_potential_energy_fcc,relaxed_formation_potential_energy_hcp,unrelaxed_formation_potential_energy_bcc,unrelaxed_formation_potential_energy_fcc,unrelaxed_formation_potential_energy_hcp,vacancy_migration_energy_bcc,vacancy_migration_energy_fcc,vacancy_migration_energy_hcp,vacancy_migration_energy_sc,relaxation_volume_bcc,relaxation_volume_fcc,relaxation_volume_hcp,coeff,grain_energy_analytical,grain_energy_analytical_unrelaxed
0,Al,"[0, 0, 1]",fcc,"(0.0, 14.250032697803595, 16.26020470831196, 18.924644416051233, 22.619864948040426, 28.072486935852957, 31.890791801845708, 36.86989764584402, 41.112090439166934, 43.60281897270362, 46.39718102729638, 53.13010235415598, 59.48976259388444, 61.92751306414704, 64.01076641616699, 67.38013505195957, 71.07535558394876, 73.73979529168804, 77.31961650818018, 79.61114218453038, 81.20258929000894, 82.3718503314193, 90.0)",3.227048792243004,4.044902426183776,2.6996517395255744,64.54435488703751,80.99481659982047,68.19173785791169,36.63456998193277,34.83017454023264,-2.9301273673190797,78.30632557157602,62.121240278833874,28.015964249824602,37.02041351796052,118.74196924179365,148.54328507408584,3.2877303860756673,3.376110432751336,3.100924715637306,,2.765378293349701e-05,,0.05722198499547691,,0.06211884068202482,,0.05046224520395584,,0.05933791053523709,0.006155400702621591,0.005860949185122941,0.010861263079746192,0.5969043926164201,0.013126024231543734,1.5192352175245083,,0.7188228357131854,,,0.826735029483635,,,0.5800464910182197,,,,5.713036570370857,,0.9505134942248596,"[0.004687011573285408, 0.4867489367109753, 0.49660066137341285, 0.5068307869164237, 0.5162445019206264, 0.5213638051871468, 0.5180903085910445, 0.5032761989082417, 0.5160492242343941, 0.5194548903854697, 0.5204701270187928, 0.5128449378309823, 0.49717600554952746, 0.48795351384224406, 0.47853079195369064, 0.4598358992852297, 0.43350215524742997, 0.4098948422834924, 0.3706153646877818, 0.33996563059347873, 0.3156878556763322, 0.296095260786582, 0.046531879150752284]","[0.3367496591743172, 0.4867489367109753, 0.49660066137341285, 0.5068307869164237, 0.5162445019206264, 0.5213638051871468, 0.5180903085910445, 0.5032761989082417, 0.5160492242343941, 0.5194548903854697, 0.5204701270187928, 0.5128449378309823, 0.49717600554952746, 0.48795351384224406, 0.47853079195369064, 0.4598358992852297, 0.43350215524742997, 0.4098948422834924, 0.3706153646877818, 0.33996563059347873, 0.3156878556763322, 0.296095260786582, 0.12109210951243221]"
1,Cu,"[0, 0, 1]",fcc,"(0.0, 14.250032697803595, 16.26020470831196, 18.924644416051233, 22.619864948040426, 28.072486935852957, 31.890791801845708, 36.86989764584402, 41.112090439166934, 43.60281897270362, 46.39718102729638, 53.13010235415598, 59.48976259388444, 61.92751306414704, 64.01076641616699, 67.38013505195957, 71.07535558394876, 73.73979529168804, 77.31961650818018, 79.61114218453038, 81.20258929000894, 82.3718503314193, 90.0)",2.8765464617195082,3.6206908504898645,2.3855121010074427,140.8548740993387,140.74293546117096,112.97339669666819,97.77442395932647,80.23817740544531,-4.061343785742206,149.93040560812562,123.9146685786844,7.191724319961324,122.70381108176483,174.3994692261441,324.53674145008193,3.491856747768284,3.5341051170093727,3.1652816962319505,,1.7271725361865934e-05,,0.08585154598427797,,0.09131154878391139,,0.07670413383699153,,0.08866008982820521,0.004599202800144221,0.003398070678438362,0.013806412387913757,0.5247005208333172,0.01613792127655286,1.5063466988355847,,1.1927390039745493,,,1.2364989467398966,,,0.8717727002647281,,,,4.423162270342504,,1.5937831063596692,"[0.005303663585953627, 0.514003909248736, 0.5238637098218686, 0.5339556465257431, 0.5430471533691215, 0.5476618014356254, 0.5438524812360064, 0.52733449032102, 0.541734360649023, 0.545613348714943, 0.5469861766142903, 0.5399957522417951, 0.5252375510264484, 0.5163333288218135, 0.5071548603768801, 0.4887354263624276, 0.4623849728909937, 0.4384101815415985, 0.3978711360548157, 0.36573406530888186, 0.339991308838557, 0.3190422878381406, 0.05251905448148918]","[0.35245293882909734, 0.514003909248736, 0.5238637098218686, 0.5339556465257431, 0.5430471533691215, 0.5476618014356254, 0.5438524812360064, 0.52733449032102, 0.541734360649023, 0.545613348714943, 0.5469861766142903, 0.5399957522417951, 0.5252375510264484, 0.5163333288218135, 0.5071548603768801, 0.4887354263624276, 0.4623849728909937, 0.4384101815415985, 0.3978711360548157, 0.36573406530888186, 0.339991308838557, 0.3190422878381406, 0.1258708548207732]"
2,Fe,"[0, 0, 1]",fcc,"(0.0, 14.250032697803595, 16.26020470831196, 18.924644416051233, 22.619864948040426, 28.072486935852957, 31.890791801845708, 36.86989764584402, 41.112090439166934, 43.60281897270362, 46.39718102729638, 53.13010235415598, 59.48976259388444, 61.92751306414704, 64.01076641616699, 67.38013505195957, 71.07535558394876, 73.73979529168804, 77.31961650818018, 79.61114218453038, 81.20258929000894, 82.3718503314193, 90.0)",2.8679365872669575,3.6030228334353933,2.3965245987941968,168.19315484557632,174.25710502690302,138.02536316373323,123.06925134018293,102.16401838720732,-40.981162133473006,144.2465037145701,150.48672533727418,10.610114892526175,216.0864571075888,221.79786440616073,392.8558597061474,4.277547852543588,4.274889438201916,3.4326749490676773,7.713687583118553e-06,,0.10635130844139708,,0.09871982728703416,,0.11822957356605238,,0.102385095462426,,,,,,,,-16.35684026530912,,,1.9353536342040538,,,0.8763159518186348,,,,-24.42905526386568,,,1.8431084246861602,"[0.006778047763236299, 0.5563181580476823, 0.5654549473849889, 0.5744447771434218, 0.5820789802008735, 0.5852092167018729, 0.5803806883214535, 0.560213865898801, 0.5781790977871339, 0.5829531174538396, 0.5850397151082302, 0.579911119639877, 0.5684350395143742, 0.5609576186884048, 0.5530580270216645, 0.5366936028371236, 0.5122673759755761, 0.4891359741852638, 0.44830422955583493, 0.4145613489528417, 0.3867315769257549, 0.3635886815447237, 0.0666825114302089]","[0.37360262195870186, 0.5563181580476823, 0.5654549473849889, 0.5744447771434218, 0.5820789802008735, 0.5852092167018729, 0.5803806883214535, 0.560213865898801, 0.5781790977871339, 0.5829531174538396, 0.5850397151082302, 0.579911119639877, 0.5684350395143742, 0.5609576186884048, 0.5530580270216645, 0.5366936028371236, 0.5122673759755761, 0.4891359741852638, 0.44830422955583493, 0.4145613489528417, 0.3867315769257549, 0.3635886815447237, 0.13171415338266568]"
3,Ni,"[0, 0, 1]",fcc,"(0.0, 14.250032697803595, 16.26020470831196, 18.924644416051233, 22.619864948040426, 28.072486935852957, 31.890791801845708, 36.86989764584402, 41.112090439166934, 43.60281897270362, 46.39718102729638, 53.13010235415598, 59.48976259388444, 61.92751306414704, 64.01076641616699, 67.38013505195957, 71.07535558394876, 73.73979529168804, 77.31961650818018, 79.61114218453038, 81.20258929000894, 82.3718503314193, 90.0)",2.802871697486561,3.5798639767359353,2.378506464727014,150.9038706146077,184.23055427847797,137.0275131296042,134.37110857380833,126.48124558189029,-13.953947517993695,168.19545569820238,149.10503984842907,19.94061470133396,116.32070044741842,254.4815831385758,371.2013099861446,4.247361850311262,4.379848677679928,3.743869773671387,,1.1674224578810234e-05,,0.12084014615190307,,0.12974615900448533,,0.10836238117466303,,0.1256064924346212,0.006805373555166087,0.006683199043734146,0.02133016507749094,0.536314154730905,0.024491090096469038,1.4957722529659714,,1.5656797821015345,,,1.607767747983772,,,4.394234976419198,,,,1.9649225930965712,,2.31370019456545,"[0.005491675878720209, 0.5209999528128324, 0.5308180865415391, 0.5408205497978125, 0.549769362312402, 0.5542070840357729, 0.5502445262027876, 0.5332269952637951, 0.548108842705955, 0.5521222975210982, 0.5536001079091335, 0.5468329904883902, 0.5324277368566002, 0.5236637995270936, 0.5146038423654384, 0.49635447860605697, 0.47011606538248896, 0.44612901698691876, 0.40535904786532073, 0.37287548128064085, 0.3467623419936733, 0.32545556884352866, 0.054337002700321844]","[0.356276616555532, 0.5209999528128324, 0.5308180865415391, 0.5408205497978125, 0.549769362312402, 0.5542070840357729, 0.5502445262027876, 0.5332269952637951, 0.548108842705955, 0.5521222975210982, 0.5536001079091335, 0.5468329904883902, 0.5324277368566002, 0.5236637995270936, 0.5146038423654384, 0.49635447860605697, 0.47011606538248896, 0.44612901698691876, 0.40535904786532073, 0.37287548128064085, 0.3467623419936733, 0.32545556884352866, 0.1269879047159519]"
4,Al,"[1, 1, 0]",fcc,"(0.0, 20.049975724151484, 22.84350731792459, 26.525352016609688, 31.586338096527925, 38.94244126898138, 44.00342734889962, 50.47880364135782, 55.8767054592047, 58.99241699313286, 62.439396894736774, 70.52877936550931, 77.88488253796277, 80.63108442154517, 82.945868617881, 86.6277133165661, 93.3722866834339, 97.054131382119, 99.36891557845483, 102.11511746203723, 109.47122063449069, 117.56060310526324, 121.00758300686714, 124.1232945407953, 129.5211963586422, 135.99657265110037, 141.05755873101862, 148.41366190347208, 153.4746479833903, 157.15649268207542, 159.95002427584853, 180.0)",3.227048792243004,4.044902426183776,2.6996517395255744,64.54435488703751,80.99481659982047,68.19173785791169,36.63456998193277,34.83017454023264,-2.9301273673190797,78.30632557157602,62.121240278833874,28.015964249824602,37.02041351796052,118.74196924179365,148.54328507408584,3.2877303860756673,3.376110432751336,3.100924715637306,,2.765378293349701e-05,,0.05722198499547691,,0.06211884068202482,,0.05046224520395584,,0.05933791053523709,0.006155400702621591,0.005860949185122941,0.010861263079746192,0.5969043926164201,0.013126024231543734,1.5192352175245083,,0.7188228357131854,,,0.826735029483635,,,0.5800464910182197,,,,5.713036570370857,,0.9505134942248596,"[0.04653187915075034, 0.43860833198239546, 0.4548852282453688, 0.4695014410538566, 0.4757836873993363, 0.47963556268776986, 0.46029552930679773, 0.40169830332983103, 0.4533761603313815, 0.4702824747712726, 0.4802710584271084, 0.47211652847950303, 0.4645169235021033, 0.45357919363077115, 0.4420300338119818, 0.4174621548416335, 0.3504393147521817, 0.2989795024519767, 0.2598242999381012, 0.20517897644307082, 9.992007221626409e-16, 0.2207262381336461, 0.28476030403905095, 0.33165994854354774, 0.39345300033553665, 0.4420719417306729, 0.4636339762131898, 0.4763781834738269, 0.4643760731323088, 0.47862674229713975, 0.48249816259274547, 0.004687011573286021]","[0.12109210951244764, 0.43860833198239546, 0.4548852282453688, 0.4695014410538566, 0.4757836873993363, 0.47963556268776986, 0.46029552930679773, 0.40169830332983103, 0.4533761603313815, 0.4702824747712726, 0.4802710584271084, 0.47211652847950303, 0.4645169235021033, 0.45357919363077115, 0.4420300338119818, 0.4174621548416335, 0.3504393147521817, 0.2989795024519767, 0.2598242999381012, 0.20517897644307082, 9.992007221626409e-16, 0.2207262381336461, 0.28476030403905095, 0.33165994854354774, 0.39345300033553665, 0.4420719417306729, 0.4636339762131898, 0.4763781834738269, 0.4643760731323088, 0.47862674229713975, 0.48249816259274547, 0.3367496591743139]"
5,Cu,"[1, 1, 0]",fcc,"(0.0, 20.049975724151484, 22.84350731792459, 26.525352016609688, 31.586338096527925, 38.94244126898138, 44.00342734889962, 50.47880364135782, 55.8767054592047, 58.99241699313286, 62.439396894736774, 70.52877936550931, 77.88488253796277, 80.63108442154517, 82.945868617881, 86.6277133165661, 93.3722866834339, 97.054131382119, 99.36891557845483, 102.11511746203723, 109.47122063449069, 117.56060310526324, 121.00758300686714, 124.1232945407953, 129.5211963586422, 135.99657265110037, 141.05755873101862, 148.41366190347208, 153.4746479833903, 157.15649268207542, 159.95002427584853, 180.0)",2.8765464617195082,3.6206908504898645,2.3855121010074427,140.8548740993387,140.74293546117096,112.97339669666819,97.77442395932647,80.23817740544531,-4.061343785742206,149.93040560812562,123.9146685786844,7.191724319961324,122.70381108176483,174.3994692261441,324.53674145008193,3.491856747768284,3.5341051170093727,3.1652816962319505,,1.7271725361865934e-05,,0.08585154598427797,,0.09131154878391139,,0.07670413383699153,,0.08866008982820521,0.004599202800144221,0.003398070678438362,0.013806412387913757,0.5247005208333172,0.01613792127655286,1.5063466988355847,,1.1927390039745493,,,1.2364989467398966,,,0.8717727002647281,,,,4.423162270342504,,1.5937831063596692,"[0.05251905448149609, 0.4679074937992155, 0.48429753737215553, 0.4988206489115493, 0.5043059527115077, 0.5081612489110221, 0.4872794721347369, 0.422258054248807, 0.479776360768844, 0.49813201528659545, 0.5088999918451521, 0.500413057573303, 0.4943768257091278, 0.48364130224276103, 0.4722753589626232, 0.4477853806760339, 0.3797037696245419, 0.3263194273675466, 0.28509606590315595, 0.2267430264257665, 1.3322676295501878e-15, 0.24343951591269342, 0.31140787446078366, 0.3603296597666904, 0.42359493501066103, 0.47232247193516286, 0.49337893846848224, 0.5052761058551134, 0.4911287192611389, 0.5068542914851885, 0.5111308021848215, 0.005303663585953964]","[0.12587085482078342, 0.4679074937992155, 0.48429753737215553, 0.4988206489115493, 0.5043059527115077, 0.5081612489110221, 0.4872794721347369, 0.422258054248807, 0.479776360768844, 0.49813201528659545, 0.5088999918451521, 0.500413057573303, 0.4943768257091278, 0.48364130224276103, 0.4722753589626232, 0.4477853806760339, 0.3797037696245419, 0.3263194273675466, 0.28509606590315595, 0.2267430264257665, 1.3322676295501878e-15, 0.24343951591269342, 0.31140787446078366, 0.3603296597666904, 0.42359493501066103, 0.47232247193516286, 0.49337893846848224, 0.5052761058551134, 0.4911287192611389, 0.5068542914851885, 0.5111308021848215, 0.35245293882909756]"
6,Fe,"[1, 1, 0]",fcc,"(0.0, 20.049975724151484, 22.84350731792459, 26.525352016609688, 31.586338096527925, 38.94244126898138, 44.00342734889962, 50.47880364135782, 55.8767054592047, 58.99241699313286, 62.439396894736774, 70.52877936550931, 77.88488253796277, 80.63108442154517, 82.945868617881, 86.6277133165661, 93.3722866834339, 97.054131382119, 99.36891557845483, 102.11511746203723, 109.47122063449069, 117.56060310526324, 121.00758300686714, 124.1232945407953, 129.5211963586422, 135.99657265110037, 141.05755873101862, 148.41366190347208, 153.4746479833903, 157.15649268207542, 159.95002427584853, 180.0)",2.8679365872669575,3.6030228334353933,2.3965245987941968,168.19315484557632,174.25710502690302,138.02536316373323,123.06925134018293,102.16401838720732,-40.981162133473006,144.2465037145701,150.48672533727418,10.610114892526175,216.0864571075888,221.79786440616073,392.8558597061474,4.277547852543588,4.274889438201916,3.4326749490676773,7.713687583118553e-06,,0.10635130844139708,,0.09871982728703416,,0.11822957356605238,,0.102385095462426,,,,,,,,-16.35684026530912,,,1.9353536342040538,,,0.8763159518186348,,,,-24.42905526386568,,,1.8431084246861602,"[0.0666825114302129, 0.5182625716687099, 0.533644196156722, 0.5467759274215394, 0.5495856261243639, 0.5535171401279632, 0.5302742942854013, 0.45156937785484597, 0.5217419897130477, 0.5425459920633868, 0.5544119674399824, 0.5451501886811176, 0.5437899154004111, 0.5343309471948889, 0.5242779617517854, 0.5017893234345774, 0.43592353405456263, 0.3812959313515395, 0.3374608138170405, 0.2731053496434891, 2.32225350060844e-12, 0.29178640440310244, 0.3656007268579645, 0.4163869768958972, 0.4789046769724268, 0.5243365760553125, 0.5425222262477929, 0.5514908302097533, 0.532328778831633, 0.5513118432849149, 0.556460430353731, 0.0067780477632352065]","[0.13171415338265857, 0.5182625716687099, 0.533644196156722, 0.5467759274215394, 0.5495856261243639, 0.5535171401279632, 0.5302742942854013, 0.45156937785484597, 0.5217419897130477, 0.5425459920633868, 0.5544119674399824, 0.5451501886811176, 0.5437899154004111, 0.5343309471948889, 0.5242779617517854, 0.5017893234345774, 0.43592353405456263, 0.3812959313515395, 0.3374608138170405, 0.2731053496434891, 2.32225350060844e-12, 0.29178640440310244, 0.3656007268579645, 0.4163869768958972, 0.4789046769724268, 0.5243365760553125, 0.5425222262477929, 0.5514908302097533, 0.532328778831633, 0.5513118432849149, 0.556460430353731, 0.37360262289870105]"
7,Ni,"[1, 1, 0]",fcc,"(0.0, 20.049975724151484, 22.84350731792459, 26.525352016609688, 31.586338096527925, 38.94244126898138, 44.00342734889962, 50.47880364135782, 55.8767054592047, 58.99241699313286, 62.439396894736774, 70.52877936550931, 77.88488253796277, 80.63108442154517, 82.945868617881, 86.6277133165661, 93.3722866834339, 97.054131382119, 99.36891557845483, 102.11511746203723, 109.47122063449069, 117.56060310526324, 121.00758300686714, 124.1232945407953, 129.5211963586422, 135.99657265110037, 141.05755873101862, 148.41366190347208, 153.4746479833903, 157.15649268207542, 159.95002427584853, 180.0)",2.802871697486561,3.5798639767359353,2.378506464727014,150.9038706146077,184.23055427847797,137.0275131296042,134.37110857380833,126.48124558189029,-13.953947517993695,168.19545569820238,149.10503984842907,19.94061470133396,116.32070044741842,254.4815831385758,371.2013099861446,4.247361850311262,4.379848677679928,3.743869773671387,,1.1674224578810234e-05,,0.12084014615190307,,0.12974615900448533,,0.10836238117466303,,0.1256064924346212,0.006805373555166087,0.006683199043734146,0.02133016507749094,0.536314154730905,0.024491090096469038,1.4957722529659714,,1.5656797821015345,,,1.607767747983772,,,4.394234976419198,,,,1.9649225930965712,,2.31370019456545,"[0.05433700270031773, 0.4757400864044927, 0.4920901741011827, 0.5065151039810574, 0.5117083032866139, 0.515563312493396, 0.49427705083416973, 0.42737877466673624, 0.48661434799898917, 0.5053617705905091, 0.5163297050773956, 0.5077484187491887, 0.5022539094910796, 0.49162981100771674, 0.4803733712361925, 0.45601634804221003, 0.38788819838564226, 0.334105771212756, 0.29237982953056796, 0.2330499198789694, -2.220446049250313e-16, 0.250056227421791, 0.31903123617226603, 0.36840414893370954, 0.4318731947355442, 0.480421965219907, 0.501221198597954, 0.5127969378497012, 0.49799439071753615, 0.5141551706778469, 0.5185508101929744, 0.005491675878717829]","[0.1269879047159289, 0.4757400864044927, 0.4920901741011827, 0.5065151039810574, 0.5117083032866139, 0.515563312493396, 0.49427705083416973, 0.42737877466673624, 0.48661434799898917, 0.5053617705905091, 0.5163297050773956, 0.5077484187491887, 0.5022539094910796, 0.49162981100771674, 0.4803733712361925, 0.45601634804221003, 0.38788819838564226, 0.334105771212756, 0.29237982953056796, 0.2330499198789694, -2.220446049250313e-16, 0.250056227421791, 0.31903123617226603, 0.36840414893370954, 0.4318731947355442, 0.480421965219907, 0.501221198597954, 0.5127969378497012, 0.49799439071753615, 0.5141551706778469, 0.5185508101929744, 0.356276616555533]"
8,Al,"[1, 1, 1]",fcc,"(0.0, 24.43269767945453, 27.79577249602797, 32.20422750397202, 38.21321070173819, 46.82644889274107, 52.659006983369785, 59.99999999999999)",3.227048792243004,4.044902426183776,2.6996517395255744,64.54435488703751,80.99481659982047,68.19173785791169,36.63456998193277,34.83017454023264,-2.9301273673190797,78.30632557157602,62.121240278833874,28.015964249824602,37.02041351796052,118.74196924179365,148.54328507408584,3.2877303860756673,3.376110432751336,3.100924715637306,,2.765378293349701e-05,,0.05722198499547691,,0.06211884068202482,,0.05046224520395584,,0.05933791053523709,0.006155400702621591,0.005860949185122941,0.010861263079746192,0.5969043926164201,0.013126024231543734,1.5192352175245083,,0.7188228357131854,,,0.826735029483635,,,0.5800464910182197,,,,5.713036570370857,,0.9505134942248596,"[0.023127391091993216, 0.5869416942639347, 0.5908759328325168, 0.5925029306978147, 0.5891793583861115, 0.5762030441886121, 0.5638301827136663, 0.5451532096130263]","[0.4721165284795127, 0.6429489450968865, 0.6501858933321978, 0.656270252923175, 0.6553042589664837, 0.6594333768768665, 0.6498629585455167, 0.6215647315814548]"
9,Cu,"[1, 1, 1]",fcc,"(0.0, 24.43269767945453, 27.79577249602797, 32.20422750397202, 38.21321070173819, 46.82644889274107, 52.659006983369785, 59.99999999999999)",2.8765464617195082,3.6206908504898645,2.3855121010074427,140.8548740993387,140.74293546117096,112.97339669666819,97.77442395932647,80.23817740544531,-4.061343785742206,149.93040560812562,123.9146685786844,7.191724319961324,122.70381108176483,174.3994692261441,324.53674145008193,3.491856747768284,3.5341051170093727,3.1652816962319505,,1.7271725361865934e-05,,0.08585154598427797,,0.09131154878391139,,0.07670413383699153,,0.08866008982820521,0.004599202800144221,0.003398070678438362,0.013806412387913757,0.5247005208333172,0.01613792127655286,1.5063466988355847,,1.1927390039745493,,,1.2364989467398966,,,0.8717727002647281,,,,4.423162270342504,,1.5937831063596692,"[0.026118414085909585, 0.6191992486078004, 0.6229823048046085, 0.6245213928810291, 0.6213755498492901, 0.6092411609496029, 0.5973994426770212, 0.5778272269918996]","[0.5004130575488478, 0.6810083559184577, 0.6880423488903271, 0.6939157909110922, 0.6921659955394176, 0.6966519217982401, 0.6863778453300722, 0.6550451610549723]"
10,Fe,"[1, 1, 1]",fcc,"(0.0, 24.43269767945453, 27.79577249602797, 32.20422750397202, 38.21321070173819, 46.82644889274107, 52.659006983369785, 59.99999999999999)",2.8679365872669575,3.6030228334353933,2.3965245987941968,168.19315484557632,174.25710502690302,138.02536316373323,123.06925134018293,102.16401838720732,-40.981162133473006,144.2465037145701,150.48672533727418,10.610114892526175,216.0864571075888,221.79786440616073,392.8558597061474,4.277547852543588,4.274889438201916,3.4326749490676773,7.713687583118553e-06,,0.10635130844139708,,0.09871982728703416,,0.11822957356605238,,0.102385095462426,,,,,,,,-16.35684026530912,,,1.9353536342040538,,,0.8763159518186348,,,,-24.42905526386568,,,1.8431084246861602,"[0.03321136727122016, 0.667532000725293, 0.6706446010259262, 0.6718478111855143, 0.6693353325030891, 0.6600398637787546, 0.6503134118624634, 0.6294852163676388]","[0.5451502773555063, 0.7410936531414591, 0.747127124301002, 0.7520996050353411, 0.7483378804481646, 0.7537197257418203, 0.7424337454932057, 0.7047018432828788]"
11,Ni,"[1, 1, 1]",fcc,"(0.0, 24.43269767945453, 27.79577249602797, 32.20422750397202, 38.21321070173819, 46.82644889274107, 52.659006983369785, 59.99999999999999)",2.802871697486561,3.5798639767359353,2.378506464727014,150.9038706146077,184.23055427847797,137.0275131296042,134.37110857380833,126.48124558189029,-13.953947517993695,168.19545569820238,149.10503984842907,19.94061470133396,116.32070044741842,254.4815831385758,371.2013099861446,4.247361850311262,4.379848677679928,3.743869773671387,,1.1674224578810234e-05,,0.12084014615190307,,0.12974615900448533,,0.10836238117466303,,0.1256064924346212,0.006805373555166087,0.006683199043734146,0.02133016507749094,0.536314154730905,0.024491090096469038,1.4957722529659714,,1.5656797821015345,,,1.607767747983772,,,4.394234976419198,,,,1.9649225930965712,,2.31370019456545,"[0.027027467595211102, 0.627387174216645, 0.6311041405465403, 0.6326079053447611, 0.629530975452101, 0.6177128657491776, 0.6060900531351883, 0.5862973724909035]","[0.5077484184503112, 0.6908614548548495, 0.6978006955976666, 0.703583334384605, 0.7015824364450038, 0.7061779056079318, 0.6957231650468187, 0.6635075758591467]"
12,Al,"[1, 1, 2]",fcc,"(0.0, 23.07391806563098, 34.04773236999154, 38.572650822227786, 44.41530859719298, 52.20027756457278, 62.96430821058772, 69.97282751604145, 78.46304096718453, 88.83061719438597, 91.16938280561406, 101.5369590328155, 110.02717248395858, 117.03569178941231)",3.227048792243004,4.044902426183776,2.6996517395255744,64.54435488703751,80.99481659982047,68.19173785791169,36.63456998193277,34.83017454023264,-2.9301273673190797,78.30632557157602,62.121240278833874,28.015964249824602,37.02041351796052,118.74196924179365,148.54328507408584,3.2877303860756673,3.376110432751336,3.100924715637306,,2.765378293349701e-05,,0.05722198499547691,,0.06211884068202482,,0.05046224520395584,,0.05933791053523709,0.006155400702621591,0.005860949185122941,0.010861263079746192,0.5969043926164201,0.013126024231543734,1.5192352175245083,,0.7188228357131854,,,0.826735029483635,,,0.5800464910182197,,,,5.713036570370857,,0.9505134942248596,"[0.036006728144212255, 0.5146201186423861, 0.5222965706064123, 0.522264704165017, 0.5148447052950598, 0.48938036381784267, 0.4016983033298317, 0.4680407854781393, 0.5077165463909343, 0.5241138919163876, 0.5241707867238939, 0.5032761989082414, 0.5242991680457019, 0.5266079214398505]","[0.33674965917431454, 0.5146201186423861, 0.5222965706064123, 0.522264704165017, 0.5148447052950598, 0.48938036381784267, 0.4016983033298317, 0.4680407854781393, 0.5077165463909343, 0.5241138919163876, 0.5241707867238939, 0.5032761989082414, 0.5242991680457019, 0.5266079214398505]"
13,Cu,"[1, 1, 2]",fcc,"(0.0, 23.07391806563098, 34.04773236999154, 38.572650822227786, 44.41530859719298, 52.20027756457278, 62.96430821058772, 69.97282751604145, 78.46304096718453, 88.83061719438597, 91.16938280561406, 101.5369590328155, 110.02717248395858, 117.03569178941231)",2.8765464617195082,3.6206908504898645,2.3855121010074427,140.8548740993387,140.74293546117096,112.97339669666819,97.77442395932647,80.23817740544531,-4.061343785742206,149.93040560812562,123.9146685786844,7.191724319961324,122.70381108176483,174.3994692261441,324.53674145008193,3.491856747768284,3.5341051170093727,3.1652816962319505,,1.7271725361865934e-05,,0.08585154598427797,,0.09131154878391139,,0.07670413383699153,,0.08866008982820521,0.004599202800144221,0.003398070678438362,0.013806412387913757,0.5247005208333172,0.01613792127655286,1.5063466988355847,,1.1927390039745493,,,1.2364989467398966,,,0.8717727002647281,,,,4.423162270342504,,1.5937831063596692,"[0.04062948692870529, 0.5418604265617266, 0.5488178864468053, 0.5491188540977026, 0.5421843815516008, 0.5170144771379549, 0.42225805424880747, 0.49491880390626175, 0.5352526111222009, 0.5506978183074334, 0.5505689991681708, 0.5273344903210158, 0.5504204353903897, 0.5530330037770581]","[0.3524529388290978, 0.5418604265617266, 0.5488178864468053, 0.5491188540977026, 0.5421843815516008, 0.5170144771379549, 0.42225805424880747, 0.49491880390626175, 0.5352526111222009, 0.5506978183074334, 0.5505689991681708, 0.5273344903210158, 0.5504204353903897, 0.5530330037770581]"
14,Fe,"[1, 1, 2]",fcc,"(0.0, 23.07391806563098, 34.04773236999154, 38.572650822227786, 44.41530859719298, 52.20027756457278, 62.96430821058772, 69.97282751604145, 78.46304096718453, 88.83061719438597, 91.16938280561406, 101.5369590328155, 110.02717248395858, 117.03569178941231)",2.8679365872669575,3.6030228334353933,2.3965245987941968,168.19315484557632,174.25710502690302,138.02536316373323,123.06925134018293,102.16401838720732,-40.981162133473006,144.2465037145701,150.48672533727418,10.610114892526175,216.0864571075888,221.79786440616073,392.8558597061474,4.277547852543588,4.274889438201916,3.4326749490676773,7.713687583118553e-06,,0.10635130844139708,,0.09871982728703416,,0.11822957356605238,,0.102385095462426,,,,,,,,-16.35684026530912,,,1.9353536342040538,,,0.8763159518186348,,,,-24.42905526386568,,,1.8431084246861602,"[0.05155379026963669, 0.5818297803405572, 0.5864373820628404, 0.5875695834119884, 0.5822737187824291, 0.5596708585980541, 0.4515693778548463, 0.5372059313307636, 0.5763508396156048, 0.5885319646806209, 0.5880357480522568, 0.5602138658988034, 0.5873123652525202, 0.5903084156774454]","[0.37360262289870105, 0.5818297803405572, 0.5864373820628404, 0.5875695834119884, 0.5822737187824291, 0.5596708585980541, 0.4515693778548463, 0.5372059313307636, 0.5763508396156048, 0.5885319646806209, 0.5880357480522568, 0.5602138658988034, 0.5873123652525202, 0.5903084156774454]"
15,Ni,"[1, 1, 2]",fcc,"(0.0, 23.07391806563098, 34.04773236999154, 38.572650822227786, 44.41530859719298, 52.20027756457278, 62.96430821058772, 69.97282751604145, 78.46304096718453, 88.83061719438597, 91.16938280561406, 101.5369590328155, 110.02717248395858, 117.03569178941231)",2.802871697486561,3.5798639767359353,2.378506464727014,150.9038706146077,184.23055427847797,137.0275131296042,134.37110857380833,126.48124558189029,-13.953947517993695,168.19545569820238,149.10503984842907,19.94061470133396,116.32070044741842,254.4815831385758,371.2013099861446,4.247361850311262,4.379848677679928,3.743869773671387,,1.1674224578810234e-05,,0.12084014615190307,,0.12974615900448533,,0.10836238117466303,,0.1256064924346212,0.006805373555166087,0.006683199043734146,0.02133016507749094,0.536314154730905,0.024491090096469038,1.4957722529659714,,1.5656797821015345,,,1.607767747983772,,,4.394234976419198,,,,1.9649225930965712,,2.31370019456545,"[0.04203257426894852, 0.5487161523740334, 0.5554101213784368, 0.5558171726834268, 0.5490651145117228, 0.5240996637214328, 0.42737877466673835, 0.5018541108064469, 0.5422274685049763, 0.5573112400237059, 0.5571276280632431, 0.5332269952637938, 0.5568959972750519, 0.5595854655589324]","[0.356276616555533, 0.5487161523740334, 0.5554101213784368, 0.5558171726834268, 0.5490651145117228, 0.5240996637214328, 0.42737877466673835, 0.5018541108064469, 0.5422274685049763, 0.5573112400237059, 0.5571276280632431, 0.5332269952637938, 0.5568959972750519, 0.5595854655589324]"
16,Ag,"[0, 0, 1]",fcc,"(0.0, 14.250032697803595, 16.26020470831196, 18.924644416051233, 22.619864948040426, 28.072486935852957, 31.890791801845708, 36.86989764584402, 41.112090439166934, 43.60281897270362, 46.39718102729638, 53.13010235415598, 59.48976259388444, 61.92751306414704, 64.01076641616699, 67.38013505195957, 71.07535558394876, 73.73979529168804, 77.31961650818018, 79.61114218453038, 81.20258929000894, 82.3718503314193, 90.0)",3.2514776968780685,4.087888587397688,2.721366654424106,110.72894872018495,104.31247116272299,90.93023715575258,68.61197542706853,48.788857439455946,-4.10202938301909,112.96815154125196,93.28909749746389,20.277420523098943,106.25054307805094,126.35921849324119,232.23587042105987,2.842439804356008,2.8826633340463497,2.5073566996127203,,2.0479944933919216e-05,,0.05601618997125852,,0.059767373030073456,,0.05014284388484465,,0.057873224484805134,0.0009899768927395238,0.0009505334275233848,0.008212728369211749,0.4967474365234251,0.008726090562199128,1.488367919921228,,1.032686663030613,,,1.0667063673803414,,,0.7531252575579199,,,,5.497063010448527,,1.1873403142531171,"[0.004640503741083395, 0.484398830481263, 0.49423989664163637, 0.5044694684524724, 0.5138968688261012, 0.5190480788545746, 0.5158165625567149, 0.501134846774276, 0.513782649946209, 0.5171509503480587, 0.5181388996228825, 0.5104739578964708, 0.4947548881824758, 0.48551873675444, 0.4760879912396465, 0.4573923462063455, 0.4310865919029051, 0.4075293872356859, 0.3683786999411538, 0.337864378285717, 0.313713486860437, 0.2942350979679911, 0.046078800555384186]","[0.3353463360345741, 0.484398830481263, 0.49423989664163637, 0.5044694684524724, 0.5138968688261012, 0.5190480788545746, 0.5158165625567149, 0.501134846774276, 0.513782649946209, 0.5171509503480587, 0.5181388996228825, 0.5104739578964708, 0.4947548881824758, 0.48551873675444, 0.4760879912396465, 0.4573923462063455, 0.4310865919029051, 0.4075293872356859, 0.3683786999411538, 0.337864378285717, 0.313713486860437, 0.2942350979679911, 0.12065316298152362]"
17,Ag,"[1, 1, 0]",fcc,"(0.0, 20.049975724151484, 22.84350731792459, 26.525352016609688, 31.586338096527925, 38.94244126898138, 44.00342734889962, 50.47880364135782, 55.8767054592047, 58.99241699313286, 62.439396894736774, 70.52877936550931, 77.88488253796277, 80.63108442154517, 82.945868617881, 86.6277133165661, 93.3722866834339, 97.054131382119, 99.36891557845483, 102.11511746203723, 109.47122063449069, 117.56060310526324, 121.00758300686714, 124.1232945407953, 129.5211963586422, 135.99657265110037, 141.05755873101862, 148.41366190347208, 153.4746479833903, 157.15649268207542, 159.95002427584853, 180.0)",3.2514776968780685,4.087888587397688,2.721366654424106,110.72894872018495,104.31247116272299,90.93023715575258,68.61197542706853,48.788857439455946,-4.10202938301909,112.96815154125196,93.28909749746389,20.277420523098943,106.25054307805094,126.35921849324119,232.23587042105987,2.842439804356008,2.8826633340463497,2.5073566996127203,,2.0479944933919216e-05,,0.05601618997125852,,0.059767373030073456,,0.05014284388484465,,0.057873224484805134,0.0009899768927395238,0.0009505334275233848,0.008212728369211749,0.4967474365234251,0.008726090562199128,1.488367919921228,,1.032686663030613,,,1.0667063673803414,,,0.7531252575579199,,,,5.497063010448527,,1.1873403142531171,"[0.04607880055537146, 0.43615639235069714, 0.45240803074595604, 0.46701535582832143, 0.47334611608998844, 0.47719659865510045, 0.45798603080510614, 0.39988973819407925, 0.45111442680780256, 0.4679013323581359, 0.4778235689173399, 0.46969655480981065, 0.46199503728504454, 0.45105365659454466, 0.439503184754485, 0.41495451020890284, 0.3480738425478931, 0.296800801799183, 0.25782939455152243, 0.2034966270225248, -4.6629367034256575e-15, 0.21894856805080354, 0.2826443184204869, 0.3293551716775953, 0.390982385299687, 0.43954471862264777, 0.461120787791517, 0.4739133466760974, 0.46207179282316135, 0.4762080621021433, 0.48004805640321846, 0.04282792075010723]","[0.1206531629815335, 0.43615639235069714, 0.45240803074595604, 0.46701535582832143, 0.47334611608998844, 0.47719659865510045, 0.45798603080510614, 0.39988973819407925, 0.45111442680780256, 0.4679013323581359, 0.4778235689173399, 0.46969655480981065, 0.46199503728504454, 0.45105365659454466, 0.439503184754485, 0.41495451020890284, 0.3480738425478931, 0.296800801799183, 0.25782939455152243, 0.2034966270225248, -4.6629367034256575e-15, 0.21894856805080354, 0.2826443184204869, 0.3293551716775953, 0.390982385299687, 0.43954471862264777, 0.461120787791517, 0.4739133466760974, 0.46207179282316135, 0.4762080621021433, 0.48004805640321846, 0.33534633603457364]"
18,Ag,"[1, 1, 1]",fcc,"(0.0, 24.43269767945453, 27.79577249602797, 32.20422750397202, 38.21321070173819, 46.82644889274107, 52.659006983369785, 59.99999999999999)",3.2514776968780685,4.087888587397688,2.721366654424106,110.72894872018495,104.31247116272299,90.93023715575258,68.61197542706853,48.788857439455946,-4.10202938301909,112.96815154125196,93.28909749746389,20.277420523098943,106.25054307805094,126.35921849324119,232.23587042105987,2.842439804356008,2.8826633340463497,2.5073566996127203,,2.0479944933919216e-05,,0.05601618997125852,,0.059767373030073456,,0.05014284388484465,,0.057873224484805134,0.0009899768927395238,0.0009505334275233848,0.008212728369211749,0.4967474365234251,0.008726090562199128,1.488367919921228,,1.032686663030613,,,1.0667063673803414,,,0.7531252575579199,,,,5.497063010448527,,1.1873403142531171,"[0.022901221079641522, 0.5841411267988083, 0.5880820095538588, 0.5897135512871836, 0.5863801844860272, 0.5733554608557596, 0.5609564089262664, 0.54235886471377]","[0.4696965548098221, 0.6396898496219068, 0.6469342665611031, 0.653028129469526, 0.6521179754969828, 0.6562200591636731, 0.6467096328060666, 0.618648844697788]"
19,Ag,"[1, 1, 2]",fcc,"(0.0, 23.07391806563098, 34.04773236999154, 38.572650822227786, 44.41530859719298, 52.20027756457278, 62.96430821058772, 69.97282751604145, 78.46304096718453, 88.83061719438597, 91.16938280561406, 101.5369590328155, 110.02717248395858, 117.03569178941231)",3.2514776968780685,4.087888587397688,2.721366654424106,110.72894872018495,104.31247116272299,90.93023715575258,68.61197542706853,48.788857439455946,-4.10202938301909,112.96815154125196,93.28909749746389,20.277420523098943,106.25054307805094,126.35921849324119,232.23587042105987,2.842439804356008,2.8826633340463497,2.5073566996127203,,2.0479944933919216e-05,,0.05601618997125852,,0.059767373030073456,,0.05014284388484465,,0.057873224484805134,0.0009899768927395238,0.0009505334275233848,0.008212728369211749,0.4967474365234251,0.008726090562199128,1.488367919921228,,1.032686663030613,,,1.0667063673803414,,,0.7531252575579199,,,,5.497063010448527,,1.1873403142531171,"[0.03565678529769543, 0.512240508505893, 0.5199601820507334, 0.5199046431683738, 0.5124566956756612, 0.4869968112548294, 0.399889738194079, 0.46573201437542977, 0.5053218158685375, 0.5217729930022215, 0.5218439066351694, 0.5011348467742759, 0.5219929243951403, 0.5242758889974595]","[0.33534633603457364, 0.512240508505893, 0.5199601820507334, 0.5199046431683738, 0.5124566956756612, 0.4869968112548294, 0.399889738194079, 0.46573201437542977, 0.5053218158685375, 0.5217729930022215, 0.5218439066351694, 0.5011348467742759, 0.5219929243951403, 0.5242758889974595]"
20,Au,"[0, 0, 1]",fcc,"(0.0, 14.250032697803595, 16.26020470831196, 18.924644416051233, 22.619864948040426, 28.072486935852957, 31.890791801845708, 36.86989764584402, 41.112090439166934, 43.60281897270362, 46.39718102729638, 53.13010235415598, 59.48976259388444, 61.92751306414704, 64.01076641616699, 67.38013505195957, 71.07535558394876, 73.73979529168804, 77.31961650818018, 79.61114218453038, 81.20258929000894, 82.3718503314193, 90.0)",3.2611196565051235,4.093702100361548,2.71541595939667,161.91910103506407,157.5809588938394,132.3373324438548,67.89328324677182,45.4001959785392,-0.44825189501446916,165.4266727837447,146.43697001785884,66.16233747943517,154.9039575377029,179.86893664580055,264.6873223726941,3.7675219335525036,3.8096628572936804,3.451868415338731,,1.855263804185217e-05,,0.057146755417446585,,0.06043939167493889,,0.05023088742330777,,0.058257262249562146,0.034019589572996375,0.0008950506497011902,0.007779075846758018,0.5116446659482785,0.008266266673487968,1.5007583512931226,,0.9001199107500297,,,0.9645476808471077,,,0.6818749311775224,,,,6.266668675968582,,1.1427535887481457,"[0.004662380472476598, 0.4855097748920799, 0.49535604349092366, 0.5055860843971842, 0.5150072528336864, 0.5201435815430343, 0.5168922980719454, 0.5021482411861804, 0.5148549861952612, 0.5182408871041044, 0.519241670273285, 0.5115952579529621, 0.4958994060921137, 0.48666947942422856, 0.47724230815791957, 0.458546635599405, 0.4322272123521972, 0.4086460207607393, 0.36943413071498443, 0.3388556901581362, 0.31464481863055815, 0.29511249511401705, 0.04629194985531936]","[0.33601055755215004, 0.4855097748920799, 0.49535604349092366, 0.5055860843971842, 0.5150072528336864, 0.5201435815430343, 0.5168922980719454, 0.5021482411861804, 0.5148549861952612, 0.5182408871041044, 0.519241670273285, 0.5115952579529621, 0.4958994060921137, 0.48666947942422856, 0.47724230815791957, 0.458546635599405, 0.4322272123521972, 0.4086460207607393, 0.36943413071498443, 0.3388556901581362, 0.31464481863055815, 0.29511249511401705, 0.12086113829242906]"
21,Pb,"[1, 1, 0]",fcc,"(0.0, 20.049975724151484, 22.84350731792459, 26.525352016609688, 31.586338096527925, 38.94244126898138, 44.00342734889962, 50.47880364135782, 55.8767054592047, 58.99241699313286, 62.439396894736774, 70.52877936550931, 77.88488253796277, 80.63108442154517, 82.945868617881, 86.6277133165661, 93.3722866834339, 97.054131382119, 99.36891557845483, 102.11511746203723, 109.47122063449069, 117.56060310526324, 121.00758300686714, 124.1232945407953, 129.5211963586422, 135.99657265110037, 141.05755873101862, 148.41366190347208, 153.4746479833903, 157.15649268207542, 159.95002427584853, 180.0)",3.869124167826441,4.945081339693734,3.1886341315176754,202104.75593172153,54.44914475247883,139989.06298861164,29.573183219636128,22.452310544233104,6.02921104090649,202087.79410058705,49.04121303154013,139975.1200536288,202138.6795939905,65.26500819435623,140016.94885857732,1.8299195885271098,2.0312736138604324,1.682323823740644,,3.085659280004693e-05,,0.028510604032631528,,0.030292070302187765,,0.026581088888253956,,0.029668205601110484,0.0003436323031475731,0.000335404288594379,0.0029850985567432564,0.5084960937499986,0.003165403551341211,1.501142578125,,0.518699228153242,,,0.572876687816868,,,0.3772528669843499,,,,14.240365648853283,,0.46554125356722587,"[0.036781480774274566, 0.37780722868343997, 0.392956781644763, 0.40681252083864117, 0.41369681044012163, 0.41743074902477995, 0.40124177993070276, 0.353845048622939, 0.39545724104679914, 0.4095159876926765, 0.4178711343615642, 0.41044697214682246, 0.40130825334539166, 0.3907300474772829, 0.3796141656074673, 0.3563698026944244, 0.2945935748636176, 0.24855751235343704, 0.21426782372173847, 0.16739174807064794, -2.220446049250313e-16, 0.18061781152044232, 0.23603427691805678, 0.27766037887284134, 0.33398818688197096, 0.37964796266847933, 0.4006124552738748, 0.41376213057257194, 0.4050983676164688, 0.41678953425439436, 0.4199607389775396, 0.0036908331428404896]","[0.10875436680383244, 0.37780722868343997, 0.392956781644763, 0.40681252083864117, 0.41369681044012163, 0.41743074902477995, 0.40124177993070276, 0.353845048622939, 0.39545724104679914, 0.4095159876926765, 0.4178711343615642, 0.41044697214682246, 0.40130825334539166, 0.3907300474772829, 0.3796141656074673, 0.3563698026944244, 0.2945935748636176, 0.24855751235343704, 0.21426782372173847, 0.16739174807064794, -2.220446049250313e-16, 0.18061781152044232, 0.23603427691805678, 0.27766037887284134, 0.33398818688197096, 0.37964796266847933, 0.4006124552738748, 0.41376213057257194, 0.4050983676164688, 0.41678953425439436, 0.4199607389775396, 0.29880450541713355]"
22,Pb,"[0, 0, 1]",fcc,"(0.0, 14.250032697803595, 16.26020470831196, 18.924644416051233, 22.619864948040426, 28.072486935852957, 31.890791801845708, 36.86989764584402, 41.112090439166934, 43.60281897270362, 46.39718102729638, 53.13010235415598, 59.48976259388444, 61.92751306414704, 64.01076641616699, 67.38013505195957, 71.07535558394876, 73.73979529168804, 77.31961650818018, 79.61114218453038, 81.20258929000894, 82.3718503314193, 90.0)",3.869124167826441,4.945081339693734,3.1886341315176754,202104.75593172153,54.44914475247883,139989.06298861164,29.573183219636128,22.452310544233104,6.02921104090649,202087.79410058705,49.04121303154013,139975.1200536288,202138.6795939905,65.26500819435623,140016.94885857732,1.8299195885271098,2.0312736138604324,1.682323823740644,,3.085659280004693e-05,,0.028510604032631528,,0.030292070302187765,,0.026581088888253956,,0.029668205601110484,0.0003436323031475731,0.000335404288594379,0.0029850985567432564,0.5084960937499986,0.003165403551341211,1.501142578125,,0.518699228153242,,,0.572876687816868,,,0.3772528669843499,,,,14.240365648853283,,0.46554125356722587,"[0.0036908331428400134, 0.42603181198887907, 0.43529429936156006, 0.445107665925904, 0.45440612547665193, 0.45993580912083154, 0.4575762826573613, 0.4457012370056129, 0.45573897198782165, 0.45831663793333755, 0.45877084920999756, 0.45066354278825493, 0.43466631420336266, 0.42555062274523847, 0.4163500993409305, 0.39838141109027414, 0.3736103759467818, 0.35186243296064856, 0.31649602039245117, 0.2895199673916591, 0.2684956050472417, 0.25173297985908083, 0.03678148077427331]","[0.29880450541712833, 0.42603181198887907, 0.43529429936156006, 0.445107665925904, 0.45440612547665193, 0.45993580912083154, 0.4575762826573613, 0.4457012370056129, 0.45573897198782165, 0.45831663793333755, 0.45877084920999756, 0.45066354278825493, 0.43466631420336266, 0.42555062274523847, 0.4163500993409305, 0.39838141109027414, 0.3736103759467818, 0.35186243296064856, 0.31649602039245117, 0.2895199673916591, 0.2684956050472417, 0.25173297985908083, 0.10875436680382666]"
23,Pb,"[1, 1, 2]",fcc,"(0.0, 23.07391806563098, 34.04773236999154, 38.572650822227786, 44.41530859719298, 52.20027756457278, 62.96430821058772, 69.97282751604145, 78.46304096718453, 88.83061719438597, 91.16938280561406, 101.5369590328155, 110.02717248395858, 117.03569178941231)",3.869124167826441,4.945081339693734,3.1886341315176754,202104.75593172153,54.44914475247883,139989.06298861164,29.573183219636128,22.452310544233104,6.02921104090649,202087.79410058705,49.04121303154013,139975.1200536288,202138.6795939905,65.26500819435623,140016.94885857732,1.8299195885271098,2.0312736138604324,1.682323823740644,,3.085659280004693e-05,,0.028510604032631528,,0.030292070302187765,,0.026581088888253956,,0.029668205601110484,0.0003436323031475731,0.000335404288594379,0.0029850985567432564,0.5084960937499986,0.003165403551341211,1.501142578125,,0.518699228153242,,,0.572876687816868,,,0.3772528669843499,,,,14.240365648853283,,0.46554125356722587,"[0.015171163257561624, 0.45219629544921025, 0.4603568802704233, 0.4598892093658319, 0.45222893582216306, 0.42784854827776797, 0.35384504862293953, 0.40871634523833333, 0.44526215470997077, 0.46206285305231076, 0.462396068981062, 0.4457012370056005, 0.46292424719278835, 0.46462190661293223]","[0.2988045054171333, 0.45219629544921025, 0.4603568802704233, 0.4598892093658319, 0.45222893582216306, 0.42784854827776797, 0.35384504862293953, 0.40871634523833333, 0.44526215470997077, 0.46206285305231076, 0.462396068981062, 0.4457012370056005, 0.46292424719278835, 0.46462190661293223]"
24,Pb,"[1, 1, 1]",fcc,"(0.0, 24.43269767945453, 27.79577249602797, 32.20422750397202, 38.21321070173819, 46.82644889274107, 52.659006983369785, 59.99999999999999)",3.869124167826441,4.945081339693734,3.1886341315176754,202104.75593172153,54.44914475247883,139989.06298861164,29.573183219636128,22.452310544233104,6.02921104090649,202087.79410058705,49.04121303154013,139975.1200536288,202138.6795939905,65.26500819435623,140016.94885857732,1.8299195885271098,2.0312736138604324,1.682323823740644,,3.085659280004693e-05,,0.028510604032631528,,0.030292070302187765,,0.026581088888253956,,0.029668205601110484,0.0003436323031475731,0.000335404288594379,0.0029850985567432564,0.5084960937499986,0.003165403551341211,1.501142578125,,0.518699228153242,,,0.572876687816868,,,0.3772528669843499,,,,14.240365648853283,,0.46554125356722587,"[0, 0.5075551547075394, 0.5180009283164245, 0.51964407280695, 0.5162602303772614, 0.5028707755397981, 0.490487164329416, 0.4739433397140759]","[0.41044697214682657, 0.5596959203390324, 0.566792614461251, 0.5728259762869363, 0.5729075581704248, 0.5764336605116896, 0.5683518252871019, 0.5453886617890891]"
25,Au,"[1, 1, 1]",fcc,"(0.0, 24.43269767945453, 27.79577249602797, 32.20422750397202, 38.21321070173819, 46.82644889274107, 52.659006983369785, 59.99999999999999)",3.2611196565051235,4.093702100361548,2.71541595939667,161.91910103506407,157.5809588938394,132.3373324438548,67.89328324677182,45.4001959785392,-0.44825189501446916,165.4266727837447,146.43697001785884,66.16233747943517,154.9039575377029,179.86893664580055,264.6873223726941,3.7675219335525036,3.8096628572936804,3.451868415338731,,1.855263804185217e-05,,0.057146755417446585,,0.06043939167493889,,0.05023088742330777,,0.058257262249562146,0.034019589572996375,0.0008950506497011902,0.007779075846758018,0.5116446659482785,0.008266266673487968,1.5007583512931226,,0.9001199107500297,,,0.9645476808471077,,,0.6818749311775224,,,,6.266668675968582,,1.1427535887481457,"[0.023007618962332606, 0.5854653026021768, 0.5894031517430196, 0.591032596723571, 0.5877037645876859, 0.5747015107760722, 0.5623145061659625, 0.5436793746906325]","[0.47084014999573653, 0.6412300683637436, 0.6484711233192111, 0.6545606419010623, 0.6536242899590066, 0.6577390966335096, 0.6482003308964184, 0.6200277069329794]"
26,Au,"[1, 1, 2]",fcc,"(0.0, 23.07391806563098, 34.04773236999154, 38.572650822227786, 44.41530859719298, 52.20027756457278, 62.96430821058772, 69.97282751604145, 78.46304096718453, 88.83061719438597, 91.16938280561406, 101.5369590328155, 110.02717248395858, 117.03569178941231)",3.2611196565051235,4.093702100361548,2.71541595939667,161.91910103506407,157.5809588938394,132.3373324438548,67.89328324677182,45.4001959785392,-0.44825189501446916,165.4266727837447,146.43697001785884,66.16233747943517,154.9039575377029,179.86893664580055,264.6873223726941,3.7675219335525036,3.8096628572936804,3.451868415338731,,1.855263804185217e-05,,0.057146755417446585,,0.06043939167493889,,0.05023088742330777,,0.058257262249562146,0.034019589572996375,0.0008950506497011902,0.007779075846758018,0.5116446659482785,0.008266266673487968,1.5007583512931226,,0.9001199107500297,,,0.9645476808471077,,,0.6818749311775224,,,,6.266668675968582,,1.1427535887481457,"[0.03582141674958832, 0.5133659014551071, 0.5210654612951309, 0.521021026528433, 0.5135860524186366, 0.4881235636227852, 0.4007452742503057, 0.4668232642457498, 0.506454178679079, 0.5228803946863247, 0.5229447190950223, 0.5021482411861811, 0.5230840416708997, 0.5253791814550238]","[0.33601055755215103, 0.5133659014551071, 0.5210654612951309, 0.521021026528433, 0.5135860524186366, 0.4881235636227852, 0.4007452742503057, 0.4668232642457498, 0.506454178679079, 0.5228803946863247, 0.5229447190950223, 0.5021482411861811, 0.5230840416708997, 0.5253791814550238]"
27,Au,"[1, 1, 0]",fcc,"(0.0, 20.049975724151484, 22.84350731792459, 26.525352016609688, 31.586338096527925, 38.94244126898138, 44.00342734889962, 50.47880364135782, 55.8767054592047, 58.99241699313286, 62.439396894736774, 70.52877936550931, 77.88488253796277, 80.63108442154517, 82.945868617881, 86.6277133165661, 93.3722866834339, 97.054131382119, 99.36891557845483, 102.11511746203723, 109.47122063449069, 117.56060310526324, 121.00758300686714, 124.1232945407953, 129.5211963586422, 135.99657265110037, 141.05755873101862, 148.41366190347208, 153.4746479833903, 157.15649268207542, 159.95002427584853, 180.0)",3.2611196565051235,4.093702100361548,2.71541595939667,161.91910103506407,157.5809588938394,132.3373324438548,67.89328324677182,45.4001959785392,-0.44825189501446916,165.4266727837447,146.43697001785884,66.16233747943517,154.9039575377029,179.86893664580055,264.6873223726941,3.7675219335525036,3.8096628572936804,3.451868415338731,,1.855263804185217e-05,,0.057146755417446585,,0.06043939167493889,,0.05023088742330777,,0.058257262249562146,0.034019589572996375,0.0008950506497011902,0.007779075846758018,0.5116446659482785,0.008266266673487968,1.5007583512931226,,0.9001199107500297,,,0.9645476808471077,,,0.6818749311775224,,,,6.266668675968582,,1.1427535887481457,"[0.046291949855315706, 0.43731420668414156, 0.4535780371892898, 0.46818984174282563, 0.4744980043105238, 0.47834917377459285, 0.4590774808105357, 0.4007452742503046, 0.452183343634725, 0.4690265907711133, 0.4789801647944901, 0.4708401499957239, 0.46318625452522943, 0.4522463680332801, 0.44069627602105954, 0.4161380943763797, 0.34918938895304563, 0.29782772780052147, 0.2587693591783544, 0.20428897560645232, -3.9968028886505635e-15, 0.2197859095634337, 0.28364155246007516, 0.3304418754837526, 0.3921481139216677, 0.44073798589083646, 0.46230791311267416, 0.4750780366414544, 0.46316099512444076, 0.47735113482595193, 0.4812059267000628, 0.04302468900642874]","[0.12086113829243472, 0.43731420668414156, 0.4535780371892898, 0.46818984174282563, 0.4744980043105238, 0.47834917377459285, 0.4590774808105357, 0.4007452742503046, 0.452183343634725, 0.4690265907711133, 0.4789801647944901, 0.4708401499957239, 0.46318625452522943, 0.4522463680332801, 0.44069627602105954, 0.4161380943763797, 0.34918938895304563, 0.29782772780052147, 0.2587693591783544, 0.20428897560645232, -3.9968028886505635e-15, 0.2197859095634337, 0.28364155246007516, 0.3304418754837526, 0.3921481139216677, 0.44073798589083646, 0.46230791311267416, 0.4750780366414544, 0.46316099512444076, 0.47735113482595193, 0.4812059267000628, 0.3360105575521509]"
28,Pd,"[1, 1, 1]",fcc,"(0.0, 24.43269767945453, 27.79577249602797, 32.20422750397202, 38.21321070173819, 46.82644889274107, 52.659006983369785, 59.99999999999999)",3.053702262185869,3.876471424954279,2.5696121674208414,298.2085325967999,204.5796309511868,145.5088540408918,176.30754807408695,73.82640394625845,0.5501921149893375,371.95376542474986,178.47188483851446,52.22331954597201,150.71806694089994,256.79512317653155,332.0799230307314,3.752241475422172,3.8739813676598724,3.4314278737179897,,1.2630055940058664e-05,,0.1099992094053566,,0.11368754751386631,,0.09878793129504934,,0.11159344359733903,0.007209013002297019,0.00671247225098486,0.021718549415561266,0.6375658211711033,0.02426824225965756,1.4439345703124924,,1.458182279861692,,,1.548859131435861,,,1.0104989755223,,,,4.707568057146157,,1.9553771020853257,"[0.024146625819974385, 0.5989084293181702, 0.6028038506028908, 0.6044064504097679, 0.6011339771763713, 0.5884047244178159, 0.5761761083915916, 0.5571626899490201]","[0.48251704353673064, 0.6569481848369279, 0.6641368762726358, 0.6701662964353272, 0.6689419775114174, 0.6731925672000239, 0.6633635342629338, 0.6340090188519996]"
29,Pd,"[0, 0, 1]",fcc,"(0.0, 14.250032697803595, 16.26020470831196, 18.924644416051233, 22.619864948040426, 28.072486935852957, 31.890791801845708, 36.86989764584402, 41.112090439166934, 43.60281897270362, 46.39718102729638, 53.13010235415598, 59.48976259388444, 61.92751306414704, 64.01076641616699, 67.38013505195957, 71.07535558394876, 73.73979529168804, 77.31961650818018, 79.61114218453038, 81.20258929000894, 82.3718503314193, 90.0)",3.053702262185869,3.876471424954279,2.5696121674208414,298.2085325967999,204.5796309511868,145.5088540408918,176.30754807408695,73.82640394625845,0.5501921149893375,371.95376542474986,178.47188483851446,52.22331954597201,150.71806694089994,256.79512317653155,332.0799230307314,3.752241475422172,3.8739813676598724,3.4314278737179897,,1.2630055940058664e-05,,0.1099992094053566,,0.11368754751386631,,0.09878793129504934,,0.11159344359733903,0.007209013002297019,0.00671247225098486,0.021718549415561266,0.6375658211711033,0.02426824225965756,1.4439345703124924,,1.458182279861692,,,1.548859131435861,,,1.0104989755223,,,,4.707568057146157,,1.9553771020853257,"[0.004896808832785654, 0.49681520226722853, 0.5066966371369432, 0.5169090447987887, 0.5262412410860628, 0.5312046316847683, 0.5277440420642083, 0.5123392687017205, 0.5256731044079278, 0.5292447334447017, 0.5303829662792097, 0.5229530191555621, 0.5075452750141292, 0.4984037048950213, 0.4890364770103448, 0.4703819097799997, 0.4439708107782089, 0.420178131455778, 0.3803785934842805, 0.34915959355890247, 0.32433863229178006, 0.30425196551058964, 0.04857306846789938]","[0.3426797439827619, 0.49681520226722853, 0.5066966371369432, 0.5169090447987887, 0.5262412410860628, 0.5312046316847683, 0.5277440420642083, 0.5123392687017205, 0.5256731044079278, 0.5292447334447017, 0.5303829662792097, 0.5229530191555621, 0.5075452750141292, 0.4984037048950213, 0.4890364770103448, 0.4703819097799997, 0.4439708107782089, 0.420178131455778, 0.3803785934842805, 0.34915959355890247, 0.32433863229178006, 0.30425196551058964, 0.12292703132725802]"
30,Pd,"[1, 1, 0]",fcc,"(0.0, 20.049975724151484, 22.84350731792459, 26.525352016609688, 31.586338096527925, 38.94244126898138, 44.00342734889962, 50.47880364135782, 55.8767054592047, 58.99241699313286, 62.439396894736774, 70.52877936550931, 77.88488253796277, 80.63108442154517, 82.945868617881, 86.6277133165661, 93.3722866834339, 97.054131382119, 99.36891557845483, 102.11511746203723, 109.47122063449069, 117.56060310526324, 121.00758300686714, 124.1232945407953, 129.5211963586422, 135.99657265110037, 141.05755873101862, 148.41366190347208, 153.4746479833903, 157.15649268207542, 159.95002427584853, 180.0)",3.053702262185869,3.876471424954279,2.5696121674208414,298.2085325967999,204.5796309511868,145.5088540408918,176.30754807408695,73.82640394625845,0.5501921149893375,371.95376542474986,178.47188483851446,52.22331954597201,150.71806694089994,256.79512317653155,332.0799230307314,3.752241475422172,3.8739813676598724,3.4314278737179897,,1.2630055940058664e-05,,0.1099992094053566,,0.11368754751386631,,0.09878793129504934,,0.11159344359733903,0.007209013002297019,0.00671247225098486,0.021718549415561266,0.6375658211711033,0.02426824225965756,1.4439345703124924,,1.458182279861692,,,1.548859131435861,,,1.0104989755223,,,,4.707568057146157,,1.9553771020853257,"[0.04857306846789757, 0.44923264432322496, 0.46559310069173354, 0.48022032798022596, 0.4862622261895043, 0.49011765758715975, 0.4702163436922948, 0.4093876577162969, 0.4630880201455859, 0.480515585505388, 0.4907904968773018, 0.48251704353672475, 0.4754074227291655, 0.4645077187058617, 0.45298746684966107, 0.4283789448510781, 0.36082805791393635, 0.30860074000700277, 0.26866624554414764, 0.2126695668114762, 2.220446049250313e-16, 0.2286314738741817, 0.2941174625292252, 0.34180350571548856, 0.4042453205018842, 0.4530310568617497, 0.4744852997829838, 0.4869819021012022, 0.4742524306705751, 0.4890134673592855, 0.49302513712250706, 0.004896808832788984]","[0.12292703132725014, 0.44923264432322496, 0.46559310069173354, 0.48022032798022596, 0.4862622261895043, 0.49011765758715975, 0.4702163436922948, 0.4093876577162969, 0.4630880201455859, 0.480515585505388, 0.4907904968773018, 0.48251704353672475, 0.4754074227291655, 0.4645077187058617, 0.45298746684966107, 0.4283789448510781, 0.36082805791393635, 0.30860074000700277, 0.26866624554414764, 0.2126695668114762, 2.220446049250313e-16, 0.2286314738741817, 0.2941174625292252, 0.34180350571548856, 0.4042453205018842, 0.4530310568617497, 0.4744852997829838, 0.4869819021012022, 0.4742524306705751, 0.4890134673592855, 0.49302513712250706, 0.342679743982761]"
31,Pd,"[1, 1, 2]",fcc,"(0.0, 23.07391806563098, 34.04773236999154, 38.572650822227786, 44.41530859719298, 52.20027756457278, 62.96430821058772, 69.97282751604145, 78.46304096718453, 88.83061719438597, 91.16938280561406, 101.5369590328155, 110.02717248395858, 117.03569178941231)",3.053702262185869,3.876471424954279,2.5696121674208414,298.2085325967999,204.5796309511868,145.5088540408918,176.30754807408695,73.82640394625845,0.5501921149893375,371.95376542474986,178.47188483851446,52.22331954597201,150.71806694089994,256.79512317653155,332.0799230307314,3.752241475422172,3.8739813676598724,3.4314278737179897,,1.2630055940058664e-05,,0.1099992094053566,,0.11368754751386631,,0.09878793129504934,,0.11159344359733903,0.007209013002297019,0.00671247225098486,0.021718549415561266,0.6375658211711033,0.02426824225965756,1.4439345703124924,,1.458182279861692,,,1.548859131435861,,,1.0104989755223,,,,4.707568057146157,,1.9553771020853257,"[0.037583073247641735, 0.5247638152492045, 0.5322245298532937, 0.5323023211554267, 0.525024898476828, 0.4995896234743892, 0.40938765771629426, 0.47794469481912316, 0.5179420566795327, 0.5340622750301105, 0.5340556230526277, 0.5123392687017198, 0.5340900039394058, 0.5365104324262246]","[0.34267974398276146, 0.5247638152492045, 0.5322245298532937, 0.5323023211554267, 0.525024898476828, 0.4995896234743892, 0.40938765771629426, 0.47794469481912316, 0.5179420566795327, 0.5340622750301105, 0.5340556230526277, 0.5123392687017198, 0.5340900039394058, 0.5365104324262246]"
32,Pt,"[0, 0, 1]",fcc,"(0.0, 14.250032697803595, 16.26020470831196, 18.924644416051233, 22.619864948040426, 28.072486935852957, 31.890791801845708, 36.86989764584402, 41.112090439166934, 43.60281897270362, 46.39718102729638, 53.13010235415598, 59.48976259388444, 61.92751306414704, 64.01076641616699, 67.38013505195957, 71.07535558394876, 73.73979529168804, 77.31961650818018, 79.61114218453038, 81.20258929000894, 82.3718503314193, 90.0)",3.0754644101665867,3.8796937777150062,2.5752127184983222,262.27590083826504,285.2287971023875,190.80239883433364,119.86576657256639,82.7946017002644,-12.3549534847759,378.54980848850636,250.51588291738418,122.19287410581353,29.72808553778241,354.654625472394,328.02144829137393,5.380773314260503,5.572587917638087,4.93171232984007,,1.1126406263886803e-05,,0.12570000079530808,,0.12534887072835565,,0.10045595376239748,,0.11460224502430105,0.004942174689109155,0.004828520336063429,0.026272658106799043,0.5247390220905174,0.028594283717936174,1.5021393453663892,,1.3789419764943902,,,1.5411285113856525,,,1.027760348841135,,,,5.828229884726677,,2.183370561026752,"[0.004855377333892087, 0.4948952463319416, 0.504773140185621, 0.5149915967009382, 0.5243423713534643, 0.5293380210473436, 0.5259140515788034, 0.5106250587256659, 0.5238486940613092, 0.5273879068558724, 0.5285018946434604, 0.5210314464670132, 0.505567761506102, 0.49640779243406985, 0.4870271807955251, 0.46835999505521575, 0.4419579821561258, 0.41819674251636274, 0.37849213840323537, 0.34738023535546003, 0.3226627982899428, 0.30267098753814115, 0.04817031199980448]","[0.3415593397706105, 0.4948952463319416, 0.504773140185621, 0.5149915967009382, 0.5243423713534643, 0.5293380210473436, 0.5259140515788034, 0.5106250587256659, 0.5238486940613092, 0.5273879068558724, 0.5285018946434604, 0.5210314464670132, 0.505567761506102, 0.49640779243406985, 0.4870271807955251, 0.46835999505521575, 0.4419579821561258, 0.41819674251636274, 0.37849213840323537, 0.34738023535546003, 0.3226627982899428, 0.30267098753814115, 0.1225829553934158]"
33,Pt,"[1, 1, 2]",fcc,"(0.0, 23.07391806563098, 34.04773236999154, 38.572650822227786, 44.41530859719298, 52.20027756457278, 62.96430821058772, 69.97282751604145, 78.46304096718453, 88.83061719438597, 91.16938280561406, 101.5369590328155, 110.02717248395858, 117.03569178941231)",3.0754644101665867,3.8796937777150062,2.5752127184983222,262.27590083826504,285.2287971023875,190.80239883433364,119.86576657256639,82.7946017002644,-12.3549534847759,378.54980848850636,250.51588291738418,122.19287410581353,29.72808553778241,354.654625472394,328.02144829137393,5.380773314260503,5.572587917638087,4.93171232984007,,1.1126406263886803e-05,,0.12570000079530808,,0.12534887072835565,,0.10045595376239748,,0.11460224502430105,0.004942174689109155,0.004828520336063429,0.026272658106799043,0.5247390220905174,0.028594283717936174,1.5021393453663892,,1.3789419764943902,,,1.5411285113856525,,,1.027760348841135,,,,5.828229884726677,,2.183370561026752,"[0.03727206355950314, 0.5228356372059175, 0.530341540793968, 0.5303973318315285, 0.523089707285922, 0.49764249421724194, 0.40792869373644103, 0.47605378567691914, 0.5159960311350054, 0.5321752241727002, 0.5321811383779046, 0.5106250587256672, 0.5322341674323867, 0.5346331718439015]","[0.3415593397706105, 0.5228356372059175, 0.530341540793968, 0.5303973318315285, 0.523089707285922, 0.49764249421724194, 0.40792869373644103, 0.47605378567691914, 0.5159960311350054, 0.5321752241727002, 0.5321811383779046, 0.5106250587256672, 0.5322341674323867, 0.5346331718439015]"
34,Pt,"[1, 1, 1]",fcc,"(0.0, 24.43269767945453, 27.79577249602797, 32.20422750397202, 38.21321070173819, 46.82644889274107, 52.659006983369785, 59.99999999999999)",3.0754644101665867,3.8796937777150062,2.5752127184983222,262.27590083826504,285.2287971023875,190.80239883433364,119.86576657256639,82.7946017002644,-12.3549534847759,378.54980848850636,250.51588291738418,122.19287410581353,29.72808553778241,354.654625472394,328.02144829137393,5.380773314260503,5.572587917638087,4.93171232984007,,1.1126406263886803e-05,,0.12570000079530808,,0.12534887072835565,,0.10045595376239748,,0.11460224502430105,0.004942174689109155,0.004828520336063429,0.026272658106799043,0.5247390220905174,0.028594283717936174,1.5021393453663892,,1.3789419764943902,,,1.5411285113856525,,,1.027760348841135,,,,5.828229884726677,,2.183370561026752,"[0.02394547640878952, 0.596629968001924, 0.6005341653396851, 0.6021420708629692, 0.5988586477891381, 0.5860770492547698, 0.5738166904221946, 0.554866948490466]","[0.4805288731131022, 0.6542730318807788, 0.661473080022883, 0.667514856319593, 0.6663423383109335, 0.6705689828503196, 0.6607894592398422, 0.6316416138599816]"
35,Pt,"[1, 1, 0]",fcc,"(0.0, 20.049975724151484, 22.84350731792459, 26.525352016609688, 31.586338096527925, 38.94244126898138, 44.00342734889962, 50.47880364135782, 55.8767054592047, 58.99241699313286, 62.439396894736774, 70.52877936550931, 77.88488253796277, 80.63108442154517, 82.945868617881, 86.6277133165661, 93.3722866834339, 97.054131382119, 99.36891557845483, 102.11511746203723, 109.47122063449069, 117.56060310526324, 121.00758300686714, 124.1232945407953, 129.5211963586422, 135.99657265110037, 141.05755873101862, 148.41366190347208, 153.4746479833903, 157.15649268207542, 159.95002427584853, 180.0)",3.0754644101665867,3.8796937777150062,2.5752127184983222,262.27590083826504,285.2287971023875,190.80239883433364,119.86576657256639,82.7946017002644,-12.3549534847759,378.54980848850636,250.51588291738418,122.19287410581353,29.72808553778241,354.654625472394,328.02144829137393,5.380773314260503,5.572587917638087,4.93171232984007,,1.1126406263886803e-05,,0.12570000079530808,,0.12534887072835565,,0.10045595376239748,,0.11460224502430105,0.004942174689109155,0.004828520336063429,0.026272658106799043,0.5247390220905174,0.028594283717936174,1.5021393453663892,,1.3789419764943902,,,1.5411285113856525,,,1.027760348841135,,,,5.828229884726677,,2.183370561026752,"[0.0481703119998078, 0.44719018923079257, 0.46353800366324505, 0.478166738516252, 0.4842588041699246, 0.4881138344599598, 0.46832039441283113, 0.4079286937364447, 0.46123248916242443, 0.47855938848894, 0.4887794515685453, 0.4805288731130961, 0.47331872126807273, 0.4624087961779455, 0.4508799366693794, 0.4262736281004704, 0.35881264100502686, 0.30672732412889814, 0.26694035224200907, 0.2112030215017736, -8.881784197001252e-16, 0.227085016128732, 0.2922937902824514, 0.3398328642779046, 0.40215919039661807, 0.4509231951779533, 0.47240432678269517, 0.48495349566590884, 0.47236800472186624, 0.4870289781882936, 0.4910131475836824, 0.04475801871005654]","[0.12258295539341701, 0.44719018923079257, 0.46353800366324505, 0.478166738516252, 0.4842588041699246, 0.4881138344599598, 0.46832039441283113, 0.4079286937364447, 0.46123248916242443, 0.47855938848894, 0.4887794515685453, 0.4805288731130961, 0.47331872126807273, 0.4624087961779455, 0.4508799366693794, 0.4262736281004704, 0.35881264100502686, 0.30672732412889814, 0.26694035224200907, 0.2112030215017736, -8.881784197001252e-16, 0.227085016128732, 0.2922937902824514, 0.3398328642779046, 0.40215919039661807, 0.4509231951779533, 0.47240432678269517, 0.48495349566590884, 0.47236800472186624, 0.4870289781882936, 0.4910131475836824, 0.34155933977061026]"
36,Rh,"[1, 1, 1]",fcc,"(0.0, 24.43269767945453, 27.79577249602797, 32.20422750397202, 38.21321070173819, 46.82644889274107, 52.659006983369785, 59.99999999999999)",2.993063386529684,3.800000064074993,2.552500057965517,241.69041548348912,268.68223060131487,197.87423139783868,241.44290133855614,194.17918160621537,11.400539321029536,252.54936616949306,192.10335596046912,-4.061544058113919,219.9725141114813,421.83997988300644,601.745782309744,5.597050191197475,5.750000002400077,5.170335175930929,,9.086104919625363e-06,,0.14897103042687077,,0.1608209186039389,,0.14397982461290432,,0.1600920976836248,0.011020408828008584,0.01065530045485993,0.02718650596419385,0.5686523437499985,0.03187473068395715,1.501533203125015,,1.8017530661274839,,,1.8428450984928717,,,1.5759338333148658,,,,2.8387553877722156,,2.7558209789615655,"[0.024079293871050532, 0.5981502223121198, 0.6020486405359164, 0.6036530423273448, 0.6003768582702393, 0.5876298950997081, 0.5753904804881795, 0.5563982311308229]","[0.48185500278002513, 0.6560574353623811, 0.6632500256595468, 0.6692836618947933, 0.6680767251446917, 0.6723193001373586, 0.6625067557169013, 0.6332213215223808]"
37,Rh,"[1, 1, 0]",fcc,"(0.0, 20.049975724151484, 22.84350731792459, 26.525352016609688, 31.586338096527925, 38.94244126898138, 44.00342734889962, 50.47880364135782, 55.8767054592047, 58.99241699313286, 62.439396894736774, 70.52877936550931, 77.88488253796277, 80.63108442154517, 82.945868617881, 86.6277133165661, 93.3722866834339, 97.054131382119, 99.36891557845483, 102.11511746203723, 109.47122063449069, 117.56060310526324, 121.00758300686714, 124.1232945407953, 129.5211963586422, 135.99657265110037, 141.05755873101862, 148.41366190347208, 153.4746479833903, 157.15649268207542, 159.95002427584853, 180.0)",2.993063386529684,3.800000064074993,2.552500057965517,241.69041548348912,268.68223060131487,197.87423139783868,241.44290133855614,194.17918160621537,11.400539321029536,252.54936616949306,192.10335596046912,-4.061544058113919,219.9725141114813,421.83997988300644,601.745782309744,5.597050191197475,5.750000002400077,5.170335175930929,,9.086104919625363e-06,,0.14897103042687077,,0.1608209186039389,,0.14397982461290432,,0.1600920976836248,0.011020408828008584,0.01065530045485993,0.02718650596419385,0.5686523437499985,0.03187473068395715,1.501533203125015,,1.8017530661274839,,,1.8428450984928717,,,1.5759338333148658,,,,2.8387553877722156,,2.7558209789615655,"[0.048438255722800014, 0.44855188985397487, 0.4649083214290268, 0.4795362506813814, 0.48559508726364153, 0.48945039828372183, 0.46958503391231843, 0.4089024349849063, 0.4624701948175617, 0.47986418518530516, 0.49012082853382977, 0.4818550027800197, 0.47471152845720666, 0.46380825839604123, 0.4522849703058113, 0.42767687850517333, 0.36015531556911473, 0.3079750196729871, 0.26808956680916607, 0.2121793023988311, -1.7763568394002505e-15, 0.2281145642043314, 0.29350826484022996, 0.34114555664023183, 0.4035493882370367, 0.45232844937727534, 0.4737919923277881, 0.4863063856294163, 0.47362513032963616, 0.48835270779951423, 0.4923551820003317, 0.045005174639610984]","[0.12281281941425082, 0.44855188985397487, 0.4649083214290268, 0.4795362506813814, 0.48559508726364153, 0.48945039828372183, 0.46958503391231843, 0.4089024349849063, 0.4624701948175617, 0.47986418518530516, 0.49012082853382977, 0.4818550027800197, 0.47471152845720666, 0.46380825839604123, 0.4522849703058113, 0.42767687850517333, 0.36015531556911473, 0.3079750196729871, 0.26808956680916607, 0.2121793023988311, -1.7763568394002505e-15, 0.2281145642043314, 0.29350826484022996, 0.34114555664023183, 0.4035493882370367, 0.45232844937727534, 0.4737919923277881, 0.4863063856294163, 0.47362513032963616, 0.48835270779951423, 0.4923551820003317, 0.3423073788080463]"
38,Rh,"[1, 1, 2]",fcc,"(0.0, 23.07391806563098, 34.04773236999154, 38.572650822227786, 44.41530859719298, 52.20027756457278, 62.96430821058772, 69.97282751604145, 78.46304096718453, 88.83061719438597, 91.16938280561406, 101.5369590328155, 110.02717248395858, 117.03569178941231)",2.993063386529684,3.800000064074993,2.552500057965517,241.69041548348912,268.68223060131487,197.87423139783868,241.44290133855614,194.17918160621537,11.400539321029536,252.54936616949306,192.10335596046912,-4.061544058113919,219.9725141114813,421.83997988300644,601.745782309744,5.597050191197475,5.750000002400077,5.170335175930929,,9.086104919625363e-06,,0.14897103042687077,,0.1608209186039389,,0.14397982461290432,,0.1600920976836248,0.011020408828008584,0.01065530045485993,0.02718650596419385,0.5686523437499985,0.03187473068395715,1.501533203125015,,1.8017530661274839,,,1.8428450984928717,,,1.5759338333148658,,,,2.8387553877722156,,2.7558209789615655,"[0.020024561798516267, 0.5241223455061362, 0.5315983242486169, 0.5316687329702052, 0.5243810922172871, 0.4989414901882745, 0.40890243498490664, 0.4773151622943188, 0.5172945231545899, 0.5334347072085084, 0.5334322618206279, 0.5117694506504618, 0.5334728885968981, 0.5358861806362567]","[0.3423073788080465, 0.5241223455061362, 0.5315983242486169, 0.5316687329702052, 0.5243810922172871, 0.4989414901882745, 0.40890243498490664, 0.4773151622943188, 0.5172945231545899, 0.5334347072085084, 0.5334322618206279, 0.5117694506504618, 0.5334728885968981, 0.5358861806362567]"
39,Rh,"[0, 0, 1]",fcc,"(0.0, 14.250032697803595, 16.26020470831196, 18.924644416051233, 22.619864948040426, 28.072486935852957, 31.890791801845708, 36.86989764584402, 41.112090439166934, 43.60281897270362, 46.39718102729638, 53.13010235415598, 59.48976259388444, 61.92751306414704, 64.01076641616699, 67.38013505195957, 71.07535558394876, 73.73979529168804, 77.31961650818018, 79.61114218453038, 81.20258929000894, 82.3718503314193, 90.0)",2.993063386529684,3.800000064074993,2.552500057965517,241.69041548348912,268.68223060131487,197.87423139783868,241.44290133855614,194.17918160621537,11.400539321029536,252.54936616949306,192.10335596046912,-4.061544058113919,219.9725141114813,421.83997988300644,601.745782309744,5.597050191197475,5.750000002400077,5.170335175930929,,9.086104919625363e-06,,0.14897103042687077,,0.1608209186039389,,0.14397982461290432,,0.1600920976836248,0.011020408828008584,0.01065530045485993,0.02718650596419385,0.5686523437499985,0.03187473068395715,1.501533203125015,,1.8017530661274839,,,1.8428450984928717,,,1.5759338333148658,,,,2.8387553877722156,,2.7558209789615655,"[0.004882938719009439, 0.4961761054244832, 0.5060564794517932, 0.5162710481571834, 0.5256095954858748, 0.5305838617659093, 0.5271355120399497, 0.5117694506504582, 0.52506642561396, 0.5286272233260254, 0.5297573436189456, 0.5223137373681592, 0.5068870361225422, 0.49773917835992243, 0.488367341105605, 0.469708301373157, 0.4432999121964123, 0.4195174807723444, 0.37974930504407756, 0.3485658701557578, 0.32377936264288787, 0.30372430348998514, 0.0484382557227944]","[0.34230737880804996, 0.4961761054244832, 0.5060564794517932, 0.5162710481571834, 0.5256095954858748, 0.5305838617659093, 0.5271355120399497, 0.5117694506504582, 0.52506642561396, 0.5286272233260254, 0.5297573436189456, 0.5223137373681592, 0.5068870361225422, 0.49773917835992243, 0.488367341105605, 0.469708301373157, 0.4432999121964123, 0.4195174807723444, 0.37974930504407756, 0.3485658701557578, 0.32377936264288787, 0.30372430348998514, 0.12281281941424549]"
